Timestamp,Open,High,Low,Close,Volume
2021-01-04,41.45000076293945,42.25,41.0,41.5,27764700
2021-01-05,41.84000015258789,44.79999923706055,41.83000183105469,43.5,44035100
2021-01-06,44.40999984741211,45.099998474121094,43.70000076293945,44.61000061035156,36484800
2021-01-07,45.0,45.56999969482422,44.529998779296875,44.959999084472656,29528100
2021-01-08,45.20000076293945,45.81999969482422,44.95000076293945,45.459999084472656,28628200
2021-01-11,45.040000915527344,47.13999938964844,44.75,46.84000015258789,38246200
2021-01-12,47.459999084472656,48.16999816894531,46.90999984741211,47.880001068115234,36915100
2021-01-13,48.529998779296875,48.709999084472656,47.689998626708984,48.41999816894531,29000300
2021-01-14,48.5,51.08000183105469,48.5,50.310001373291016,35474800
2021-01-15,48.90999984741211,49.08000183105469,47.290000915527344,47.88999938964844,42411300
2021-01-19,48.45000076293945,49.439998626708984,48.349998474121094,48.84000015258789,24932600
2021-01-20,49.11000061035156,49.7400016784668,48.9900016784668,49.529998779296875,22342400
2021-01-21,49.33000183105469,49.38999938964844,47.68000030517578,48.11000061035156,29044500
2021-01-22,47.0099983215332,47.63999938964844,46.63999938964844,47.43000030517578,23264800
2021-01-25,46.900001525878906,47.04999923706055,46.15999984741211,46.900001525878906,26395800
2021-01-26,47.2599983215332,47.86000061035156,45.849998474121094,45.869998931884766,23976800
2021-01-27,45.0,46.65999984741211,44.529998779296875,45.349998474121094,32410300
2021-01-28,45.939998626708984,46.59000015258789,45.689998626708984,46.060001373291016,24967200
2021-01-29,45.54999923706055,46.040000915527344,44.5099983215332,44.84000015258789,38961100
2021-02-01,45.58000183105469,45.58000183105469,44.290000915527344,44.91999816894531,24412400
2021-02-02,45.810001373291016,46.9900016784668,45.279998779296875,45.630001068115234,31940400
2021-02-03,45.630001068115234,47.66999816894531,45.41999816894531,47.41999816894531,28459300
2021-02-04,47.880001068115234,48.380001068115234,47.25,48.33000183105469,25280300
2021-02-05,49.18000030517578,50.119998931884766,49.040000915527344,49.95000076293945,34980100
2021-02-08,50.91999816894531,52.36000061035156,50.709999084472656,52.099998474121094,36998700
2021-02-09,50.66999816894531,50.959999084472656,49.77000045776367,50.630001068115234,28977000
2021-02-10,50.630001068115234,51.41999816894531,50.38999938964844,51.119998931884766,25723800
2021-02-11,50.88999938964844,50.93000030517578,48.779998779296875,49.84000015258789,26972200
2021-02-12,49.43000030517578,50.709999084472656,49.40999984741211,50.52000045776367,19756700
2021-02-16,51.959999084472656,52.529998779296875,51.619998931884766,52.040000915527344,28060100
2021-02-17,52.349998474121094,53.27000045776367,51.79999923706055,52.849998474121094,25509700
2021-02-18,52.810001373291016,52.939998626708984,51.86000061035156,52.02000045776367,20627600
2021-02-19,52.11000061035156,52.560001373291016,51.91999816894531,52.369998931884766,22607200
2021-02-22,52.59000015258789,54.810001373291016,52.59000015258789,54.29999923706055,36435100
2021-02-23,54.97999954223633,55.2599983215332,53.7400016784668,55.04999923706055,33527900
2021-02-24,55.189998626708984,57.0,54.869998931884766,56.70000076293945,28728600
2021-02-25,56.97999954223633,57.25,55.349998474121094,55.7599983215332,29670900
2021-02-26,54.40999984741211,55.060001373291016,53.119998931884766,54.369998931884766,35291000
2021-03-01,56.470001220703125,57.61000061035156,56.130001068115234,56.400001525878906,36998300
2021-03-02,56.650001525878906,56.959999084472656,56.02000045776367,56.06999969482422,30302600
2021-03-03,56.41999816894531,57.959999084472656,55.880001068115234,56.52000045776367,35358900
2021-03-04,57.119998931884766,59.470001220703125,57.099998474121094,58.709999084472656,52137500
2021-03-05,59.83000183105469,61.04999923706055,59.11000061035156,60.93000030517578,51429800
2021-03-08,61.58000183105469,61.61000061035156,59.81999969482422,60.869998931884766,38154600
2021-03-09,60.61000061035156,61.38999938964844,59.470001220703125,59.93000030517578,35645900
2021-03-10,60.52000045776367,61.91999816894531,60.029998779296875,61.77000045776367,31579100
2021-03-11,61.779998779296875,62.54999923706055,61.2599983215332,61.310001373291016,24802600
2021-03-12,61.54999923706055,62.369998931884766,61.5,61.970001220703125,20422700
2021-03-15,61.4900016784668,61.86000061035156,59.869998931884766,60.38999938964844,31243600
2021-03-16,59.540000915527344,59.65999984741211,58.439998626708984,59.11000061035156,30624800
2021-03-17,58.689998626708984,59.72999954223633,58.619998931884766,59.369998931884766,25575500
2021-03-18,58.810001373291016,58.970001220703125,56.52000045776367,56.810001373291016,38622800
2021-03-19,56.709999084472656,57.470001220703125,55.810001373291016,56.4900016784668,84439400
2021-03-22,56.5,56.86000061035156,55.900001525878906,55.90999984741211,29315100
2021-03-23,54.939998626708984,56.290000915527344,54.45000076293945,55.220001220703125,33493300
2021-03-24,56.08000183105469,57.279998779296875,56.08000183105469,56.34000015258789,29781800
2021-03-25,55.209999084472656,56.5,54.5,56.18000030517578,31495900
2021-03-26,57.29999923706055,57.779998779296875,56.52000045776367,57.709999084472656,34226500
2021-03-29,57.34000015258789,57.81999969482422,56.7400016784668,57.400001525878906,21144400
2021-03-30,56.86000061035156,57.36000061035156,56.4900016784668,56.689998626708984,20303400
2021-03-31,56.349998474121094,56.630001068115234,55.79999923706055,55.83000183105469,23686500
2021-04-01,56.31999969482422,57.45000076293945,56.13999938964844,57.38999938964844,23194500
2021-04-05,57.29999923706055,57.31999969482422,56.13999938964844,56.5,23264800
2021-04-06,56.84000015258789,57.540000915527344,56.2599983215332,56.34000015258789,18926300
2021-04-07,56.38999938964844,56.77000045776367,56.2400016784668,56.59000015258789,22385000
2021-04-08,55.93000030517578,56.08000183105469,55.31999969482422,56.0,21999300
2021-04-09,56.0,56.439998626708984,55.529998779296875,55.869998931884766,20020700
2021-04-12,56.7599983215332,56.790000915527344,55.310001373291016,55.5,20238800
2021-04-13,55.29999923706055,55.97999954223633,55.09000015258789,55.709999084472656,19370600
2021-04-14,56.40999984741211,58.0099983215332,56.25,57.31999969482422,28051100
2021-04-15,57.41999816894531,57.41999816894531,56.779998779296875,56.97999954223633,23250300
2021-04-16,57.36000061035156,57.68000030517578,56.439998626708984,56.65999984741211,22752000
2021-04-19,56.75,57.13999938964844,55.959999084472656,56.47999954223633,21123300
2021-04-20,56.470001220703125,56.470001220703125,54.779998779296875,55.290000915527344,21782100
2021-04-21,54.5,56.130001068115234,54.29999923706055,56.0,16625600
2021-04-22,55.9900016784668,55.9900016784668,55.02000045776367,55.27000045776367,21600100
2021-04-23,55.27000045776367,55.939998626708984,55.18000030517578,55.56999969482422,15337900
2021-04-26,55.470001220703125,56.290000915527344,55.439998626708984,55.68000030517578,16083800
2021-04-27,56.0099983215332,56.630001068115234,55.810001373291016,56.40999984741211,19278600
2021-04-28,56.90999984741211,58.459999084472656,56.790000915527344,58.11000061035156,24729800
2021-04-29,58.91999816894531,59.47999954223633,58.150001525878906,58.939998626708984,27318400
2021-04-30,58.33000183105469,58.88999938964844,57.15999984741211,57.2400016784668,30518400
2021-05-03,57.97999954223633,58.9900016784668,57.7400016784668,58.81999969482422,20509600
2021-05-04,59.0,59.5,58.5099983215332,59.189998626708984,23522200
2021-05-05,59.77000045776367,61.04999923706055,59.400001525878906,60.970001220703125,31526200
2021-05-06,60.86000061035156,61.63999938964844,60.029998779296875,61.54999923706055,26836800
2021-05-07,61.06999969482422,62.470001220703125,60.849998474121094,62.43000030517578,33610600
2021-05-10,63.2400016784668,64.0199966430664,62.529998779296875,62.58000183105469,31956600
2021-05-11,61.630001068115234,62.38999938964844,60.38999938964844,60.59000015258789,34563800
2021-05-12,60.0099983215332,61.68000030517578,59.75,60.040000915527344,34426500
2021-05-13,59.0,60.45000076293945,58.75,59.29999923706055,24268200
2021-05-14,59.93000030517578,60.880001068115234,59.93000030517578,60.77000045776367,20735400
2021-05-17,60.540000915527344,62.25,60.43000030517578,62.189998626708984,25282500
2021-05-18,62.0,62.29999923706055,60.400001525878906,60.43000030517578,25170800
2021-05-19,59.099998474121094,59.86000061035156,58.41999816894531,58.97999954223633,28889800
2021-05-20,58.95000076293945,59.150001525878906,58.2400016784668,58.84000015258789,20692500
2021-05-21,59.41999816894531,59.83000183105469,58.849998474121094,58.91999816894531,20792700
2021-05-24,59.08000183105469,59.79999923706055,58.689998626708984,59.61000061035156,18400300
2021-05-25,59.5,59.540000915527344,58.119998931884766,58.2599983215332,25616100
2021-05-26,58.25,59.119998931884766,57.900001525878906,58.939998626708984,21698700
2021-05-27,59.22999954223633,59.70000076293945,58.02000045776367,58.560001373291016,33556000
2021-05-28,58.72999954223633,58.79999923706055,58.11000061035156,58.369998931884766,19246800
2021-06-01,59.45000076293945,60.70000076293945,59.45000076293945,60.459999084472656,28474200
2021-06-02,60.75,61.310001373291016,60.16999816894531,60.939998626708984,22978300
2021-06-03,60.54999923706055,61.40999984741211,60.349998474121094,61.18000030517578,20272800
2021-06-04,61.459999084472656,61.70000076293945,60.779998779296875,61.45000076293945,20427800
2021-06-07,61.33000183105469,61.72999954223633,61.02000045776367,61.04999923706055,15477900
2021-06-08,61.5,62.47999954223633,60.66999816894531,62.130001068115234,28953400
2021-06-09,62.66999816894531,63.41999816894531,62.189998626708984,62.650001525878906,29133000
2021-06-10,63.61000061035156,63.97999954223633,62.25,62.75,27488700
2021-06-11,63.0099983215332,63.189998626708984,62.13999938964844,62.16999816894531,17631700
2021-06-14,62.29999923706055,62.779998779296875,61.56999969482422,62.06999969482422,16997200
2021-06-15,62.47999954223633,64.4000015258789,62.349998474121094,64.33000183105469,30717100
2021-06-16,64.31999969482422,64.80000305175781,63.560001373291016,64.0999984741211,24803200
2021-06-17,63.86000061035156,64.45999908447266,61.27000045776367,61.9900016784668,28491800
2021-06-18,61.0,61.54999923706055,60.2400016784668,60.400001525878906,39590700
2021-06-21,60.93000030517578,62.70000076293945,60.900001525878906,62.59000015258789,33145400
2021-06-22,62.849998474121094,64.01000213623047,62.22999954223633,63.790000915527344,25140400
2021-06-23,64.05000305175781,64.69999694824219,63.58000183105469,64.26000213623047,20701600
2021-06-24,64.1500015258789,64.55999755859375,63.810001373291016,64.5199966430664,19568400
2021-06-25,64.61000061035156,64.93000030517578,64.36000061035156,64.66000366210938,18438300
2021-06-28,64.55999755859375,64.55999755859375,62.75,63.0099983215332,20570000
2021-06-29,63.209999084472656,63.77000045776367,62.59000015258789,62.619998931884766,19579300
2021-06-30,62.70000076293945,63.22999954223633,62.45000076293945,63.08000183105469,17875500
2021-07-01,64.33000183105469,64.41999816894531,62.77000045776367,63.2599983215332,22530300
2021-07-02,63.0099983215332,63.31999969482422,62.41999816894531,63.16999816894531,14555300
2021-07-06,62.75,62.7599983215332,60.900001525878906,61.369998931884766,22110800
2021-07-07,61.18000030517578,61.810001373291016,59.619998931884766,60.40999984741211,21671400
2021-07-08,59.45000076293945,60.709999084472656,59.310001373291016,60.13999938964844,18935900
2021-07-09,60.70000076293945,61.45000076293945,60.2400016784668,61.22999954223633,20086000
2021-07-12,60.41999816894531,61.5,60.15999984741211,61.16999816894531,21809400
2021-07-13,61.0,61.5099983215332,60.5099983215332,60.880001068115234,17147300
2021-07-14,61.16999816894531,61.72999954223633,59.36000061035156,59.529998779296875,21573600
2021-07-15,59.16999816894531,59.70000076293945,58.77000045776367,58.95000076293945,15851100
2021-07-16,59.18000030517578,59.2599983215332,57.150001525878906,57.31999969482422,27049500
2021-07-19,55.63999938964844,56.20000076293945,54.599998474121094,55.349998474121094,37969100
2021-07-20,55.5,56.599998474121094,55.029998779296875,55.959999084472656,26756100
2021-07-21,56.86000061035156,58.29999923706055,56.83000183105469,57.7599983215332,20908700
2021-07-22,57.72999954223633,57.7400016784668,56.65999984741211,57.11000061035156,13493800
2021-07-23,57.290000915527344,57.290000915527344,56.470001220703125,57.040000915527344,14088200
2021-07-26,57.15999984741211,58.650001525878906,57.0,58.47999954223633,18387600
2021-07-27,58.0099983215332,58.0099983215332,57.209999084472656,57.83000183105469,16861400
2021-07-28,58.0,58.630001068115234,57.619998931884766,58.220001220703125,16855300
2021-07-29,59.0,59.33000183105469,58.560001373291016,58.93000030517578,18607800
2021-07-30,58.880001068115234,58.880001068115234,57.31999969482422,57.56999969482422,28652800
2021-08-02,57.54999923706055,59.060001373291016,57.400001525878906,57.58000183105469,20873800
2021-08-03,57.56999969482422,58.40999984741211,56.93000030517578,58.20000076293945,18208200
2021-08-04,57.189998626708984,57.880001068115234,56.810001373291016,56.84000015258789,20868300
2021-08-05,57.130001068115234,57.70000076293945,56.83000183105469,57.20000076293945,15180200
2021-08-06,57.65999984741211,58.06999969482422,57.529998779296875,57.86000061035156,14888500
2021-08-09,57.130001068115234,57.52000045776367,56.83000183105469,57.20000076293945,17828200
2021-08-10,57.41999816894531,58.36000061035156,57.29999923706055,58.18000030517578,16340200
2021-08-11,58.189998626708984,58.5,57.720001220703125,58.349998474121094,18278600
2021-08-12,57.400001525878906,57.790000915527344,56.869998931884766,57.349998474121094,19225500
2021-08-13,57.029998779296875,57.06999969482422,56.29999923706055,56.77000045776367,20063000
2021-08-16,56.02000045776367,56.09000015258789,55.27000045776367,55.939998626708984,16959500
2021-08-17,55.5,56.29999923706055,55.0,55.560001373291016,16243700
2021-08-18,55.41999816894531,55.810001373291016,54.310001373291016,54.38999938964844,21890500
2021-08-19,53.470001220703125,53.709999084472656,52.099998474121094,52.72999954223633,30923500
2021-08-20,52.27000045776367,53.13999938964844,52.11000061035156,52.7400016784668,16918300
2021-08-23,53.95000076293945,55.060001373291016,53.95000076293945,54.90999984741211,21632600
2021-08-24,55.290000915527344,55.849998474121094,55.0099983215332,55.36000061035156,17915600
2021-08-25,55.2400016784668,55.77000045776367,54.869998931884766,55.459999084472656,13270300
2021-08-26,55.20000076293945,55.540000915527344,54.630001068115234,54.709999084472656,11842600
2021-08-27,55.400001525878906,56.209999084472656,55.400001525878906,55.77000045776367,15822500
2021-08-30,56.2400016784668,56.34000015258789,55.119998931884766,55.15999984741211,14086100
2021-08-31,54.93000030517578,55.310001373291016,54.459999084472656,54.52000045776367,27104100
2021-09-01,54.4900016784668,54.7599983215332,53.599998474121094,53.77000045776367,21644100
2021-09-02,54.290000915527344,55.63999938964844,54.27000045776367,55.08000183105469,23293300
2021-09-03,55.119998931884766,55.31999969482422,54.599998474121094,54.869998931884766,13840000
2021-09-07,54.66999816894531,55.27000045776367,54.470001220703125,54.54999923706055,14354400
2021-09-08,54.790000915527344,55.18000030517578,54.0099983215332,54.04999923706055,18756700
2021-09-09,53.619998931884766,55.0,53.29999923706055,54.09000015258789,19110800
2021-09-10,55.189998626708984,55.22999954223633,53.95000076293945,53.97999954223633,15123700
2021-09-13,54.650001525878906,55.93000030517578,54.619998931884766,55.369998931884766,22052300
2021-09-14,55.689998626708984,55.77000045776367,54.40999984741211,54.58000183105469,19940300
2021-09-15,55.369998931884766,56.529998779296875,55.310001373291016,56.41999816894531,23240900
2021-09-16,56.459999084472656,56.459999084472656,55.5,55.81999969482422,17907200
2021-09-17,55.34000015258789,56.75,55.099998474121094,55.15999984741211,30000400
2021-09-20,53.779998779296875,54.16999816894531,52.959999084472656,53.689998626708984,27555100
2021-09-21,54.369998931884766,54.5099983215332,53.25,53.63999938964844,19696800
2021-09-22,54.43000030517578,55.90999984741211,54.369998931884766,55.209999084472656,25690600
2021-09-23,55.41999816894531,57.2400016784668,55.279998779296875,57.08000183105469,23069400
2021-09-24,56.70000076293945,57.81999969482422,56.68000030517578,57.59000015258789,22328600
2021-09-27,58.849998474121094,59.79999923706055,58.81999969482422,59.29999923706055,32972200
2021-09-28,59.900001525878906,60.47999954223633,59.5099983215332,59.91999816894531,37619300
2021-09-29,59.84000015258789,60.189998626708984,59.04999923706055,59.880001068115234,23422800
2021-09-30,60.119998931884766,60.16999816894531,58.810001373291016,58.81999969482422,31289600
2021-10-01,59.40999984741211,60.9900016784668,59.40999984741211,60.93000030517578,24407300
2021-10-04,61.31999969482422,62.06999969482422,60.95000076293945,61.720001220703125,33946700
2021-10-05,62.52000045776367,62.70000076293945,61.02000045776367,61.619998931884766,29641600
2021-10-06,60.470001220703125,61.119998931884766,59.75,60.4900016784668,25284900
2021-10-07,60.61000061035156,61.08000183105469,60.13999938964844,60.65999984741211,19513600
2021-10-08,61.25,62.41999816894531,61.25,62.18000030517578,22186900
2021-10-11,63.029998779296875,63.060001373291016,61.5,61.560001373291016,22121500
2021-10-12,61.56999969482422,61.97999954223633,60.849998474121094,61.2400016784668,20198600
2021-10-13,60.779998779296875,61.38999938964844,60.209999084472656,61.06999969482422,14991700
2021-10-14,61.709999084472656,62.220001220703125,61.16999816894531,62.0,18594500
2021-10-15,62.72999954223633,63.06999969482422,62.439998626708984,62.59000015258789,16092600
2021-10-18,63.09000015258789,63.13999938964844,62.27000045776367,62.560001373291016,18282800
2021-10-19,62.869998931884766,63.61000061035156,62.66999816894531,63.5,18933200
2021-10-20,62.88999938964844,63.869998931884766,62.720001220703125,63.849998474121094,14305200
2021-10-21,63.470001220703125,63.63999938964844,62.349998474121094,62.689998626708984,16564600
2021-10-22,62.77000045776367,63.220001220703125,62.349998474121094,63.119998931884766,14266800
2021-10-25,63.720001220703125,64.41999816894531,63.58000183105469,64.3499984741211,17939800
2021-10-26,64.48999786376953,65.94000244140625,64.36000061035156,65.83999633789062,25585100
2021-10-27,65.16000366210938,65.25,63.97999954223633,64.12999725341797,21764500
2021-10-28,63.81999969482422,64.47000122070312,63.630001068115234,64.30999755859375,16626400
2021-10-29,65.05000305175781,65.36000061035156,64.33000183105469,64.47000122070312,23966300
2021-11-01,65.06999969482422,66.08000183105469,65.0199966430664,65.62999725341797,19656400
2021-11-02,65.02999877929688,65.44999694824219,64.66000366210938,64.81999969482422,16300000
2021-11-03,64.04000091552734,64.44999694824219,63.65999984741211,63.93000030517578,17372800
2021-11-04,64.68000030517578,64.88999938964844,63.83000183105469,64.41000366210938,17720100
2021-11-05,65.05000305175781,65.33000183105469,64.55999755859375,65.0199966430664,18565100
2021-11-08,65.55000305175781,66.37999725341797,65.37999725341797,65.72000122070312,17696000
2021-11-09,65.7699966430664,66.37000274658203,65.30999755859375,66.36000061035156,18781300
2021-11-10,65.31999969482422,65.6500015258789,63.77000045776367,64.19000244140625,20177200
2021-11-11,64.19000244140625,64.83000183105469,64.0199966430664,64.30999755859375,13319300
2021-11-12,63.959999084472656,64.37000274658203,63.58000183105469,63.81999969482422,18158900
2021-11-15,63.7599983215332,64.7699966430664,63.220001220703125,64.37000274658203,18849200
2021-11-16,64.33999633789062,65.37000274658203,64.33999633789062,65.0199966430664,17028700
2021-11-17,64.37999725341797,65.23999786376953,64.18000030517578,64.30999755859375,15497000
2021-11-18,64.16000366210938,64.52999877929688,63.11000061035156,63.61000061035156,16948200
2021-11-19,61.88999938964844,62.029998779296875,60.40999984741211,60.66999816894531,32035500
2021-11-22,60.31999969482422,62.540000915527344,60.31999969482422,61.5099983215332,21994400
2021-11-23,62.189998626708984,63.380001068115234,61.91999816894531,63.130001068115234,21185900
2021-11-24,62.58000183105469,63.849998474121094,62.58000183105469,63.47999954223633,15869700
2021-11-26,60.52000045776367,61.41999816894531,59.540000915527344,61.25,24979600
2021-11-29,62.56999969482422,63.13999938964844,61.290000915527344,61.59000015258789,18946400
2021-11-30,60.459999084472656,61.189998626708984,59.65999984741211,59.84000015258789,34979800
2021-12-01,60.900001525878906,62.029998779296875,59.75,59.790000915527344,30630600
2021-12-02,59.7400016784668,61.58000183105469,59.13999938964844,61.279998779296875,29216000
2021-12-03,61.91999816894531,62.22999954223633,60.349998474121094,60.88999938964844,22014700
2021-12-06,61.720001220703125,62.15999984741211,61.41999816894531,61.58000183105469,19210500
2021-12-07,62.34000015258789,63.029998779296875,62.099998474121094,62.27000045776367,19800400
2021-12-08,62.61000061035156,63.189998626708984,62.34000015258789,62.45000076293945,18214400
2021-12-09,62.04999923706055,62.77000045776367,61.810001373291016,62.61000061035156,16910300
2021-12-10,63.27000045776367,63.349998474121094,62.22999954223633,63.0099983215332,17942400
2021-12-13,62.470001220703125,62.720001220703125,61.349998474121094,61.630001068115234,17793700
2021-12-14,61.2599983215332,62.470001220703125,61.220001220703125,61.540000915527344,22551100
2021-12-15,61.189998626708984,61.5,60.0099983215332,61.27000045776367,19961900
2021-12-16,61.439998626708984,62.45000076293945,61.29999923706055,61.369998931884766,21187800
2021-12-17,60.95000076293945,61.279998779296875,59.689998626708984,60.029998779296875,44338100
2021-12-20,58.790000915527344,59.25,57.959999084472656,59.15999984741211,21819300
2021-12-21,59.75,60.68000030517578,59.720001220703125,60.5,19798900
2021-12-22,60.34000015258789,61.369998931884766,59.970001220703125,60.9900016784668,14058300
2021-12-23,61.16999816894531,61.84000015258789,61.0,61.02000045776367,13543300
2021-12-27,60.93000030517578,61.95000076293945,60.41999816894531,61.88999938964844,12593700
2021-12-28,61.90999984741211,62.310001373291016,61.400001525878906,61.689998626708984,12781000
2021-12-29,61.47999954223633,61.599998474121094,60.91999816894531,61.150001525878906,12733600
2021-12-30,61.220001220703125,61.599998474121094,60.77000045776367,60.790000915527344,11940300
2021-12-31,60.7400016784668,61.470001220703125,60.70000076293945,61.189998626708984,14072000
2022-01-03,61.2400016784668,63.599998474121094,61.209999084472656,63.540000915527344,24282400
2022-01-04,64.12999725341797,66.19000244140625,64.0999984741211,65.93000030517578,38584000
2022-01-05,66.5,67.61000061035156,66.4800033569336,66.75,34033300
2022-01-06,68.0,68.4800033569336,67.06999969482422,68.31999969482422,30668500
2022-01-07,68.5199966430664,69.18000030517578,67.9800033569336,68.87999725341797,23985400
2022-01-10,68.97000122070312,69.16999816894531,67.94999694824219,68.47000122070312,22760300
2022-01-11,68.88999938964844,71.4000015258789,68.58000183105469,71.3499984741211,32936100
2022-01-12,71.13999938964844,71.80999755859375,70.63999938964844,71.13999938964844,23045100
2022-01-13,71.12000274658203,71.58000183105469,70.30999755859375,70.62999725341797,21043200
2022-01-14,70.6500015258789,72.1500015258789,70.5999984741211,71.87000274658203,23012900
2022-01-18,72.81999969482422,73.87999725341797,72.01000213623047,73.08000183105469,32841200
2022-01-19,73.75,73.86000061035156,72.55000305175781,73.11000061035156,26431600
2022-01-20,72.5,74.37000274658203,72.26000213623047,73.2699966430664,26774600
2022-01-21,73.18000030517578,73.18000030517578,71.04000091552734,72.16999816894531,35995200
2022-01-24,70.87999725341797,73.08000183105469,69.80999755859375,72.79000091552734,41507000
2022-01-25,72.58999633789062,75.23999786376953,71.38999938964844,74.93000030517578,39278400
2022-01-26,75.43000030517578,76.0,73.48999786376953,74.16999816894531,35252400
2022-01-27,75.45999908447266,76.01000213623047,73.98999786376953,75.12000274658203,29174700
2022-01-28,74.97000122070312,75.62000274658203,73.94999694824219,75.27999877929688,30595700
2022-01-31,74.97000122070312,76.41999816894531,74.2699966430664,75.95999908447266,36085500
2022-02-01,76.44999694824219,81.51000213623047,76.2699966430664,80.83000183105469,61033100
2022-02-02,80.05999755859375,80.80999755859375,79.1500015258789,80.62000274658203,30299300
2022-02-03,80.08999633789062,80.30999755859375,79.0199966430664,79.68000030517578,28529400
2022-02-04,80.87000274658203,82.52999877929688,80.87000274658203,81.41000366210938,32197500
2022-02-07,81.13999938964844,83.08000183105469,80.63999938964844,82.38999938964844,34949200
2022-02-08,82.2699966430664,82.5,79.91999816894531,80.26000213623047,34356300
2022-02-09,79.58000183105469,80.02999877929688,78.70999908447266,79.0,40106100
2022-02-10,78.72000122070312,79.68000030517578,77.79000091552734,78.23999786376953,28527700
2022-02-11,78.62000274658203,80.31999969482422,78.2300033569336,80.20999908447266,42002100
2022-02-14,79.58000183105469,79.83999633789062,77.05000305175781,78.9800033569336,34652800
2022-02-15,76.9000015258789,78.19000244140625,76.41999816894531,77.98999786376953,25075100
2022-02-16,78.79000091552734,79.7300033569336,78.04000091552734,78.3499984741211,21733800
2022-02-17,78.4800033569336,79.12000274658203,77.94999694824219,78.2300033569336,23738800
2022-02-18,77.16000366210938,78.16999816894531,76.88999938964844,77.36000061035156,23394800
2022-02-22,79.66999816894531,79.79000091552734,75.30999755859375,76.45999908447266,35947800
2022-02-23,76.45999908447266,77.47000122070312,76.12999725341797,76.7699966430664,25385000
2022-02-24,79.0,79.02999877929688,74.02999877929688,75.80000305175781,46199900
2022-02-25,76.69000244140625,77.98999786376953,76.26000213623047,77.83999633789062,28310300
2022-02-28,76.51000213623047,78.93000030517578,76.19999694824219,78.41999816894531,32204600
2022-03-01,78.7699966430664,80.6500015258789,78.33000183105469,79.16999816894531,40002300
2022-03-02,80.5999984741211,82.1500015258789,79.81999969482422,80.52999877929688,44321400
2022-03-03,79.86000061035156,81.7699966430664,79.62999725341797,81.04000091552734,30196600
2022-03-04,81.05000305175781,84.27999877929688,80.66000366210938,84.08999633789062,42802200
2022-03-07,84.91999816894531,87.2300033569336,83.9000015258789,87.12000274658203,55207900
2022-03-08,89.05000305175781,91.51000213623047,85.43000030517578,87.77999877929688,72082300
2022-03-09,84.02999877929688,86.56999969482422,81.5999984741211,82.79000091552734,65466700
2022-03-10,84.01000213623047,85.68000030517578,82.9000015258789,85.36000061035156,44644200
2022-03-11,84.06999969482422,86.2300033569336,83.97000122070312,84.91999816894531,35303400
2022-03-14,83.05999755859375,83.44999694824219,80.5,81.87999725341797,37462600
2022-03-15,78.81999969482422,79.16999816894531,76.37000274658203,77.22000122070312,47957900
2022-03-16,77.80999755859375,78.62000274658203,76.25,76.93000030517578,37812300
2022-03-17,78.18000030517578,79.1500015258789,77.06999969482422,78.9800033569336,34041900
2022-03-18,79.05999755859375,79.38999938964844,78.0999984741211,78.66999816894531,41461500
2022-03-21,80.12000274658203,82.5199966430664,79.73999786376953,82.19999694824219,33089300
2022-03-22,81.62999725341797,82.19999694824219,80.79000091552734,81.83999633789062,23132200
2022-03-23,83.33999633789062,84.2699966430664,83.05000305175781,83.12999725341797,27716300
2022-03-24,83.45999908447266,84.6500015258789,82.75,83.37999725341797,19871600
2022-03-25,82.91999816894531,85.48999786376953,82.79000091552734,85.19999694824219,22398300
2022-03-28,83.16999816894531,83.30999755859375,82.0199966430664,82.80999755859375,21552400
2022-03-29,80.80999755859375,82.48999786376953,79.76000213623047,82.37000274658203,27036300
2022-03-30,83.05999755859375,84.01000213623047,82.70999908447266,83.77999877929688,22079000
2022-03-31,82.87000274658203,84.4000015258789,82.55000305175781,82.58999633789062,27861500
2022-04-01,81.98999786376953,84.13999938964844,81.98999786376953,83.12000274658203,18671100
2022-04-04,83.55999755859375,83.66000366210938,82.05000305175781,83.16000366210938,20869400
2022-04-05,83.5,85.06999969482422,82.55999755859375,82.7300033569336,21753100
2022-04-06,83.41999816894531,84.69999694824219,82.94000244140625,83.6500015258789,24768200
2022-04-07,83.83000183105469,85.44000244140625,82.70999908447266,85.05000305175781,26122000
2022-04-08,85.16999816894531,87.20999908447266,85.16999816894531,86.83999633789062,24866500
2022-04-11,85.77999877929688,85.93000030517578,83.5,83.8499984741211,21800100
2022-04-12,85.70999908447266,86.81999969482422,85.37999725341797,85.5999984741211,22444200
2022-04-13,86.61000061035156,87.11000061035156,85.19000244140625,86.80999755859375,19306800
2022-04-14,86.66999816894531,88.45999908447266,86.2300033569336,87.83000183105469,24566400
2022-04-18,88.5,88.88999938964844,87.75,88.55000305175781,19032300
2022-04-19,88.01000213623047,88.66000366210938,87.2699966430664,87.76000213623047,20382600
2022-04-20,87.97000122070312,88.5,87.30000305175781,87.95999908447266,20689400
2022-04-21,88.94999694824219,89.80000305175781,86.79000091552734,87.02999877929688,29010900
2022-04-22,86.66000366210938,88.12000274658203,85.0,85.12999725341797,23591600
2022-04-25,82.37000274658203,82.66000366210938,79.29000091552734,82.26000213623047,37698300
2022-04-26,82.7300033569336,84.72000122070312,82.18000030517578,82.29000091552734,28941500
2022-04-27,83.38999938964844,85.4800033569336,82.27999877929688,84.63999938964844,32773000
2022-04-28,84.87999725341797,88.13999938964844,84.06999969482422,87.19999694824219,33683800
2022-04-29,88.13999938964844,88.13999938964844,84.69999694824219,85.25,34656500
2022-05-02,85.01000213623047,87.04000091552734,84.62999725341797,86.41000366210938,36335200
2022-05-03,86.26000213623047,88.77999877929688,86.12000274658203,88.19000244140625,33908100
2022-05-04,89.5,91.87999725341797,88.91000366210938,91.69999694824219,46188400
2022-05-05,92.04000091552734,92.05000305175781,88.38999938964844,90.30999755859375,41013400
2022-05-06,90.9800033569336,91.81999969482422,89.3499984741211,91.69000244140625,29619300
2022-05-09,89.44000244140625,89.55999755859375,84.0199966430664,84.45999908447266,45851600
2022-05-10,85.63999938964844,86.88999938964844,83.5199966430664,85.0199966430664,34483200
2022-05-11,86.43000030517578,88.94000244140625,86.27999877929688,86.79000091552734,33020600
2022-05-12,85.94999694824219,86.37999725341797,83.4000015258789,86.30000305175781,29491500
2022-05-13,87.36000061035156,88.94999694824219,86.3499984741211,88.86000061035156,25798400
2022-05-16,88.9800033569336,91.9800033569336,88.97000122070312,90.94999694824219,26101200
2022-05-17,91.7300033569336,92.44999694824219,91.12000274658203,92.11000061035156,23120700
2022-05-18,92.51000213623047,92.91999816894531,89.83000183105469,90.6500015258789,25451200
2022-05-19,89.0,92.30000305175781,89.0,91.13999938964844,24387400
2022-05-20,91.93000030517578,93.58999633789062,90.4000015258789,91.86000061035156,28795000
2022-05-23,92.66000366210938,94.7699966430664,92.55000305175781,93.88999938964844,27239300
2022-05-24,92.81999969482422,94.79000091552734,92.31999969482422,94.4000015258789,24293300
2022-05-25,94.58000183105469,96.52999877929688,94.47000122070312,96.30000305175781,29947800
2022-05-26,96.5999984741211,97.43000030517578,96.19999694824219,96.63999938964844,24314800
2022-05-27,95.94999694824219,97.93000030517578,95.30000305175781,97.58999633789062,25588800
2022-05-31,98.55999755859375,99.77999877929688,95.70999908447266,96.0,44888100
2022-06-01,97.0199966430664,98.70999908447266,96.62000274658203,97.83999633789062,25815400
2022-06-02,97.29000091552734,98.0999984741211,96.79000091552734,97.66999816894531,19089100
2022-06-03,97.9000015258789,99.66000366210938,97.9000015258789,99.08999633789062,21038200
2022-06-06,99.18000030517578,99.77999877929688,98.66999816894531,98.83999633789062,20682100
2022-06-07,99.69999694824219,103.43000030517578,99.48999786376953,103.37000274658203,37810200
2022-06-08,103.48999786376953,105.56999969482422,102.9800033569336,104.58999633789062,31613200
2022-06-09,103.41999816894531,104.56999969482422,102.16000366210938,102.33000183105469,26607000
2022-06-10,101.94000244140625,103.3499984741211,99.79000091552734,100.45999908447266,30950500
2022-06-13,97.5199966430664,97.7699966430664,93.91999816894531,95.8499984741211,33421000
2022-06-14,97.41000366210938,98.66999816894531,95.2699966430664,96.0999984741211,31264000
2022-06-15,95.98999786376953,96.56999969482422,93.2699966430664,94.88999938964844,29620800
2022-06-16,92.41000366210938,93.12999725341797,90.27999877929688,91.38999938964844,35696700
2022-06-17,90.95999908447266,91.3499984741211,85.66000366210938,86.12000274658203,64610200
2022-06-21,88.58000183105469,92.52999877929688,88.5199966430664,91.4800033569336,35951500
2022-06-22,87.54000091552734,89.76000213623047,87.52999877929688,87.86000061035156,29727200
2022-06-23,88.66000366210938,89.05000305175781,83.5199966430664,85.20999908447266,35757200
2022-06-24,86.94999694824219,88.4000015258789,85.80999755859375,86.9000015258789,26639000
2022-06-27,87.80999755859375,90.04000091552734,87.66999816894531,89.02999877929688,25478700
2022-06-28,91.12000274658203,93.23999786376953,90.3499984741211,91.5,33096900
2022-06-29,92.9800033569336,93.19999694824219,87.76000213623047,88.12000274658203,25400900
2022-06-30,86.13999938964844,87.5999984741211,84.66999816894531,85.63999938964844,39948100
2022-07-01,86.73999786376953,87.87999725341797,84.70999908447266,87.55000305175781,26327900
2022-07-05,86.33999633789062,86.69999694824219,83.01000213623047,84.80999755859375,34591100
2022-07-06,83.76000213623047,85.2300033569336,81.01000213623047,83.27999877929688,33375700
2022-07-07,85.37999725341797,86.76000213623047,85.30000305175781,85.94000244140625,23817400
2022-07-08,86.94999694824219,87.30000305175781,84.93000030517578,86.08000183105469,17673800
2022-07-11,85.16999816894531,86.12000274658203,84.36000061035156,85.63999938964844,15603800
2022-07-12,83.77999877929688,85.05000305175781,82.86000061035156,84.5,21013000
2022-07-13,83.37999725341797,86.30999755859375,83.30000305175781,84.83999633789062,19928600
2022-07-14,81.8499984741211,83.30999755859375,80.69000244140625,83.13999938964844,26343000
2022-07-15,84.80000305175781,84.87999725341797,82.9000015258789,84.54000091552734,17243700
2022-07-18,86.58000183105469,87.94000244140625,85.75,86.0999984741211,19395800
2022-07-19,86.41999816894531,88.5199966430664,86.25,88.2699966430664,18248900
2022-07-20,87.58000183105469,89.6500015258789,87.25,89.23999786376953,16584400
2022-07-21,86.93000030517578,87.80000305175781,85.20999908447266,87.75,21375700
2022-07-22,87.55000305175781,88.47000122070312,86.62999725341797,87.08000183105469,15479500
2022-07-25,88.16000366210938,90.12999725341797,87.41999816894531,89.9800033569336,17536400
2022-07-26,91.12999725341797,91.27999877929688,89.0,89.62999725341797,15141200
2022-07-27,90.27999877929688,92.0,89.4000015258789,91.56999969482422,18047000
2022-07-28,92.18000030517578,93.25,91.01000213623047,92.63999938964844,20353100
2022-07-29,94.44999694824219,97.5199966430664,94.0999984741211,96.93000030517578,29825800
2022-08-01,94.79000091552734,95.3499984741211,93.2300033569336,94.4800033569336,20793200
2022-08-02,94.69000244140625,95.19999694824219,93.81999969482422,94.06999969482422,16722500
2022-08-03,94.41999816894531,94.41999816894531,90.79000091552734,91.0199966430664,23580800
2022-08-04,90.30999755859375,90.33999633789062,86.43000030517578,87.19000244140625,31821500
2022-08-05,86.36000061035156,89.69000244140625,86.27999877929688,88.44999694824219,17408000
2022-08-08,88.61000061035156,89.5999984741211,88.22000122070312,88.94999694824219,14458500
2022-08-09,90.05000305175781,91.61000061035156,89.94999694824219,90.58999633789062,19083400
2022-08-10,90.68000030517578,91.79000091552734,89.19000244140625,91.44999694824219,18302000
2022-08-11,91.83999633789062,94.30000305175781,91.44000244140625,93.19000244140625,18797900
2022-08-12,92.4800033569336,94.0199966430664,92.11000061035156,94.0,15058200
2022-08-15,90.52999877929688,92.7300033569336,89.66000366210938,92.31999969482422,20755200
2022-08-16,92.02999877929688,92.88999938964844,91.29000091552734,91.45999908447266,14038200
2022-08-17,91.2699966430664,93.20999908447266,90.91999816894531,92.19999694824219,13678000
2022-08-18,93.1500015258789,95.30999755859375,93.08999633789062,94.37999725341797,17770400
2022-08-19,94.16000366210938,95.19999694824219,93.80000305175781,94.08000183105469,16128600
2022-08-22,93.41999816894531,94.48999786376953,91.86000061035156,94.01000213623047,16019900
2022-08-23,95.55000305175781,98.41000366210938,95.44999694824219,98.0,23764700
2022-08-24,98.01000213623047,98.97000122070312,97.36000061035156,98.58000183105469,17050300
2022-08-25,98.91999816894531,99.86000061035156,98.0999984741211,99.08999633789062,15305700
2022-08-26,98.7699966430664,99.91000366210938,97.41999816894531,97.87000274658203,15531400
2022-08-29,98.18000030517578,101.55999755859375,98.13999938964844,100.12000274658203,23059200
2022-08-30,98.36000061035156,98.62000274658203,95.81999969482422,96.30999755859375,17086800
2022-08-31,94.02999877929688,96.83999633789062,93.58999633789062,95.58999633789062,18340900
2022-09-01,94.41999816894531,95.06999969482422,92.29000091552734,93.87000274658203,16423000
2022-09-02,96.3499984741211,96.79000091552734,95.11000061035156,95.58999633789062,18206800
2022-09-06,96.16000366210938,96.58999633789062,94.51000213623047,94.94999694824219,19201500
2022-09-07,93.19000244140625,94.58999633789062,92.30000305175781,94.13999938964844,16274700
2022-09-08,94.66000366210938,95.41999816894531,93.72000122070312,94.91000366210938,18759200
2022-09-09,96.5199966430664,97.0,95.31999969482422,96.5,17158000
2022-09-12,97.6500015258789,99.19000244140625,96.87999725341797,97.61000061035156,16118900
2022-09-13,96.61000061035156,97.77999877929688,94.91000366210938,95.33000183105469,18229100
2022-09-14,96.19000244140625,98.55999755859375,96.1500015258789,97.66999816894531,22655700
2022-09-15,96.22000122070312,96.54000091552734,94.05000305175781,94.83000183105469,21092300
2022-09-16,95.06999969482422,95.33999633789062,92.0,93.20999908447266,37874700
2022-09-19,91.01000213623047,93.48999786376953,91.0,93.19999694824219,15342100
2022-09-20,92.7300033569336,92.93000030517578,91.63999938964844,92.44000244140625,14712500
2022-09-21,93.56999969482422,93.87999725341797,90.87000274658203,90.94999694824219,17332400
2022-09-22,92.19999694824219,92.66000366210938,90.5199966430664,90.56999969482422,16139400
2022-09-23,87.5,87.5,84.8499984741211,85.75,27738800
2022-09-26,84.9000015258789,86.22000122070312,83.88999938964844,83.9800033569336,22043400
2022-09-27,85.61000061035156,86.95999908447266,84.80999755859375,85.73999786376953,17307300
2022-09-28,86.12000274658203,89.30000305175781,85.91999816894531,88.86000061035156,19543300
2022-09-29,88.18000030517578,89.36000061035156,87.12999725341797,88.68000030517578,17896000
2022-09-30,88.16999816894531,89.04000091552734,87.30999755859375,87.30999755859375,21357600
2022-10-03,90.04000091552734,92.36000061035156,89.72000122070312,91.91999816894531,23881300
2022-10-04,93.23999786376953,95.36000061035156,92.70999908447266,95.2699966430664,22133700
2022-10-05,95.75,99.98999786376953,95.66000366210938,99.12000274658203,34857700
2022-10-06,98.47000122070312,102.18000030517578,98.33000183105469,102.05999755859375,29124700
2022-10-07,102.19000244140625,103.31999969482422,100.18000030517578,101.02999877929688,24507600
2022-10-10,101.48999786376953,102.02999877929688,98.72000122070312,98.83999633789062,16786100
2022-10-11,97.22000122070312,99.76000213623047,96.75,98.0,17804100
2022-10-12,97.5,98.91000366210938,97.2300033569336,98.43000030517578,12635800
2022-10-13,97.55000305175781,102.44999694824219,97.4000015258789,101.87000274658203,22019100
2022-10-14,101.12000274658203,102.23999786376953,99.04000091552734,99.19000244140625,15222000
2022-10-17,101.06999969482422,101.97000122070312,100.5,100.62000274658203,14283200
2022-10-18,101.54000091552734,102.3499984741211,99.2300033569336,100.80000305175781,14065400
2022-10-19,101.25,103.98999786376953,101.2300033569336,103.79000091552734,20921700
2022-10-20,104.31999969482422,105.0,103.41000366210938,103.93000030517578,17649000
2022-10-21,104.44999694824219,106.4000015258789,103.91000366210938,105.86000061035156,22814100
2022-10-24,105.66000366210938,107.68000030517578,105.12000274658203,106.5999984741211,17024200
2022-10-25,106.41000366210938,107.33000183105469,105.06999969482422,105.87999725341797,15719800
2022-10-26,106.26000213623047,107.83000183105469,106.0,107.13999938964844,17383800
2022-10-27,108.41000366210938,109.58000183105469,107.41999816894531,107.55000305175781,18214000
2022-10-28,109.45999908447266,111.20999908447266,108.12000274658203,110.69999694824219,28169400
2022-10-31,109.5,112.91000366210938,109.44000244140625,110.80999755859375,26401800
2022-11-01,112.37000274658203,112.56999969482422,110.6500015258789,111.91000366210938,22213100
2022-11-02,111.58000183105469,112.0999984741211,109.30999755859375,109.61000061035156,20654200
2022-11-03,108.58000183105469,111.81999969482422,108.30999755859375,111.0999984741211,17103700
2022-11-04,113.0,113.5,110.80000305175781,112.30999755859375,17541500
2022-11-07,112.41000366210938,113.98999786376953,112.12999725341797,113.63999938964844,16008000
2022-11-08,113.4800033569336,114.66000366210938,112.5999984741211,114.0,14661000
2022-11-09,113.0999984741211,113.27999877929688,108.56999969482422,108.9000015258789,19522800
2022-11-10,110.19000244140625,110.69999694824219,107.56999969482422,110.5,20146700
2022-11-11,112.58000183105469,114.5,112.48999786376953,113.94999694824219,20518900
2022-11-14,112.62999725341797,114.63999938964844,112.48999786376953,113.37000274658203,20858300
2022-11-15,113.80000305175781,114.52999877929688,112.87000274658203,114.12999725341797,19373800
2022-11-16,113.44000244140625,114.26000213623047,111.86000061035156,112.91000366210938,13591000
2022-11-17,111.29000091552734,113.19999694824219,110.75,113.05999755859375,12425900
2022-11-18,110.9000015258789,112.4800033569336,109.61000061035156,112.08000183105469,15415000
2022-11-21,109.98999786376953,111.19999694824219,107.4800033569336,110.97000122070312,20973000
2022-11-22,112.20999908447266,114.47000122070312,111.43000030517578,114.18000030517578,17719100
2022-11-23,112.31999969482422,113.94999694824219,112.0999984741211,113.61000061035156,11546700
2022-11-25,113.87999725341797,114.61000061035156,113.05999755859375,113.20999908447266,7136000
2022-11-28,110.66000366210938,111.45999908447266,109.62000274658203,109.80999755859375,23015500
2022-11-29,110.61000061035156,111.80000305175781,109.79000091552734,110.54000091552734,14453200
2022-11-30,111.54000091552734,111.9000015258789,109.77999877929688,111.33999633789062,23158100
2022-12-01,111.63999938964844,112.06999969482422,110.18000030517578,110.80000305175781,14398300
2022-12-02,109.51000213623047,111.70999908447266,109.19999694824219,109.86000061035156,15248400
2022-12-05,110.69999694824219,111.36000061035156,105.94000244140625,106.8499984741211,19287700
2022-12-06,105.9000015258789,107.04000091552734,103.1500015258789,103.87999725341797,21197000
2022-12-07,103.77999877929688,104.8499984741211,102.37000274658203,103.6500015258789,20061700
2022-12-08,106.27999877929688,106.80000305175781,103.70999908447266,104.41999816894531,21128800
2022-12-09,104.58999633789062,105.94999694824219,103.30000305175781,103.54000091552734,21298200
2022-12-12,103.83000183105469,106.23999786376953,103.58999633789062,106.08999633789062,20413200
2022-12-13,107.80000305175781,108.54000091552734,107.0199966430664,107.25,24305300
2022-12-14,107.98999786376953,108.30000305175781,105.75,106.45999908447266,17597300
2022-12-15,105.33000183105469,106.16999816894531,103.69999694824219,105.44000244140625,15365100
2022-12-16,103.69000244140625,105.58000183105469,103.12999725341797,104.69999694824219,54596600
2022-12-19,105.26000213623047,106.19999694824219,104.37999725341797,105.16999816894531,13611100
2022-12-20,105.16999816894531,107.51000213623047,105.06999969482422,106.69000244140625,14680000
2022-12-21,108.29000091552734,108.58999633789062,107.16000366210938,108.05999755859375,13565400
2022-12-22,107.88999938964844,108.19000244140625,104.0999984741211,105.87999725341797,13213000
2022-12-23,106.94999694824219,108.73999786376953,106.9000015258789,108.68000030517578,11539400
2022-12-27,109.2699966430664,110.47000122070312,108.83000183105469,110.19000244140625,11962100
2022-12-28,109.91000366210938,110.0,107.9000015258789,108.37999725341797,10702100
2022-12-29,107.98999786376953,109.72000122070312,107.98999786376953,109.19999694824219,10534000
2022-12-30,108.61000061035156,110.5,108.61000061035156,110.30000305175781,11799600
